<?xml version="1.0" encoding="UTF-8"?><idempiere Name="TGI_ModelGeneratorTemplate" Version="1" idempiereVersion="" DataBaseVersion="" Description="" Author="" AuthorEmail="nmicoud@tgi.fr" CreatedDate="2023-06-30 15:52:15.0" UpdatedDate="2023-06-30 15:52:15.0" PackOutVersion="100" UpdateDictionary="false" Client="0-SYSTEM-System" AD_Client_UU="11237b53-9592-4af1-b3c5-afd216514b5d">
    <AD_EntityType type="table">
        <AD_Client_ID>0</AD_Client_ID>
        <AD_Org_ID>0</AD_Org_ID>
        <EntityType>TGI</EntityType>
        <AD_Org_ID reference="id">0</AD_Org_ID>
        <IsActive>Y</IsActive>
        <Name>T.G.I.</Name>
        <Description/>
        <Help>nmicoud@tgi.fr</Help>
        <Version/>
        <ModelPackage/>
        <Classpath/>
        <Processing>N</Processing>
        <AD_EntityType_UU>4876fa9c-f797-451d-a679-269ad6e85968</AD_EntityType_UU>
    </AD_EntityType>
    <AD_Menu type="table">
        <Parent_ID reference="uuid" reference-key="AD_Menu">08bb833f-6a98-439b-a806-df38044f0b3c</Parent_ID>
        <SeqNo>1</SeqNo>
        <AD_Client_ID>0</AD_Client_ID>
        <AD_Org_ID>0</AD_Org_ID>
        <Name>Generate Model</Name>
        <Description/>
        <Action>X</Action>
        <AD_Window_ID reference="id"/>
        <AD_Workflow_ID reference="id"/>
        <AD_Task_ID reference="id"/>
        <AD_Org_ID reference="id">0</AD_Org_ID>
        <IsActive>Y</IsActive>
        <IsSummary>N</IsSummary>
        <AD_Process_ID reference="id"/>
        <IsSOTrx>Y</IsSOTrx>
        <AD_Form_ID reference="uuid" reference-key="AD_Form">e863f3fe-07f8-4611-9478-59e2ad0b8276</AD_Form_ID>
        <IsReadOnly>N</IsReadOnly>
        <EntityType>TGI</EntityType>
        <IsCentrallyMaintained>Y</IsCentrallyMaintained>
        <AD_Menu_UU>7926a898-cb12-4907-98c4-3df63f0316ca</AD_Menu_UU>
        <AD_InfoWindow_ID reference="id"/>
        <PredefinedContextVariables/>
        <AD_Menu_Trl type="translation">
            <Description>Process SQL Queries</Description>
            <Name>SQL Query</Name>
            <AD_Language>es_ES</AD_Language>
            <IsActive>Y</IsActive>
            <IsTranslated>N</IsTranslated>
        </AD_Menu_Trl>
        <AD_Menu_Trl type="translation">
            <Description>Process SQL Queries</Description>
            <Name>SQL Query</Name>
            <AD_Language>fr_FR</AD_Language>
            <IsActive>Y</IsActive>
            <IsTranslated>N</IsTranslated>
        </AD_Menu_Trl>
        <AD_Menu_Trl type="translation">
            <Description>Process SQL Queries</Description>
            <Name>SQL Query</Name>
            <AD_Language>it_IT</AD_Language>
            <IsActive>Y</IsActive>
            <IsTranslated>N</IsTranslated>
        </AD_Menu_Trl>
        <AD_Form type="table">
            <AD_Client_ID>0</AD_Client_ID>
            <AD_Org_ID>0</AD_Org_ID>
            <AD_Org_ID reference="id">0</AD_Org_ID>
            <IsActive>Y</IsActive>
            <Name>Generate Model</Name>
            <Description/>
            <Help/>
            <Classname>org.tgi.webui.apps.form.WTgiGenerateModel</Classname>
            <AccessLevel>4</AccessLevel>
            <EntityType>TGI</EntityType>
            <IsBetaFunctionality>N</IsBetaFunctionality>
            <JSPURL/>
            <AD_Form_UU>e863f3fe-07f8-4611-9478-59e2ad0b8276</AD_Form_UU>
            <AD_CtxHelp_ID reference="id"/>
            <ImageURL>Process24.png</ImageURL>
            <AD_Form_Trl type="translation">
                <Description>Process SQL Queries</Description>
                <Help>Process SQL Queries</Help>
                <Name>SQL Query</Name>
                <AD_Language>es_ES</AD_Language>
                <IsActive>Y</IsActive>
                <IsTranslated>N</IsTranslated>
            </AD_Form_Trl>
            <AD_Form_Trl type="translation">
                <Description>Process SQL Queries</Description>
                <Help>Process SQL Queries</Help>
                <Name>SQL Query</Name>
                <AD_Language>fr_FR</AD_Language>
                <IsActive>Y</IsActive>
                <IsTranslated>N</IsTranslated>
            </AD_Form_Trl>
            <AD_Form_Trl type="translation">
                <Description>Process SQL Queries</Description>
                <Help>Process SQL Queries</Help>
                <Name>SQL Query</Name>
                <AD_Language>it_IT</AD_Language>
                <IsActive>Y</IsActive>
                <IsTranslated>N</IsTranslated>
            </AD_Form_Trl>
        </AD_Form>
    </AD_Menu>
    <AD_ToolBarButton type="table">
        <AD_Client_ID>0</AD_Client_ID>
        <AD_Org_ID>0</AD_Org_ID>
        <AD_Org_ID reference="id">0</AD_Org_ID>
        <ComponentName>GenerateModel</ComponentName>
        <IsActive>Y</IsActive>
        <Name>GenerateModel</Name>
        <IsCustomization>N</IsCustomization>
        <ActionClassName/>
        <ActionName/>
        <KeyStroke_KeyCode/>
        <KeyStroke_Modifiers/>
        <AD_ToolBarButton_UU>76101d45-6d38-4d85-a46a-c4be3cee33a6</AD_ToolBarButton_UU>
        <Action>W</Action>
        <AD_Tab_ID reference="id">100</AD_Tab_ID>
        <AD_Process_ID reference="uuid" reference-key="AD_Process">ced44976-0345-4ab5-8ed5-51d74abdd194</AD_Process_ID>
        <DisplayLogic/>
        <SeqNo>40</SeqNo>
        <IsAdvancedButton>N</IsAdvancedButton>
        <IsAddSeparator>N</IsAddSeparator>
        <ReadOnlyLogic/>
        <PressedLogic/>
        <EntityType>TGI</EntityType>
        <IsShowMore>N</IsShowMore>
    </AD_ToolBarButton>
</idempiere>
